{"products":[{"id":0.2927629332852457,"qty":1}],"totalPrice":346.03999999999996}